<?xml version="1.0" encoding="UTF-8"?>
<project-private xmlns="http://www.netbeans.org/ns/project-private/1">
    <editor-bookmarks xmlns="http://www.netbeans.org/ns/editor-bookmarks/2" lastBookmarkId="0"/>
    <open-files xmlns="http://www.netbeans.org/ns/projectui-open-files/2">
        <group>
            <file>file://sideshowbob1/studenthome/N00150623/My%20Documents/NetBeansProjects/CA2/src/ca2/NewspaperSubscription.java</file>
            <file>file://sideshowbob1/studenthome/N00150623/My%20Documents/NetBeansProjects/CA2/src/ca2/Subscription.java</file>
            <file>file://sideshowbob1/studenthome/N00150623/My%20Documents/NetBeansProjects/CA2/src/ca2/AbstractClass.java</file>
            <file>file://sideshowbob1/studenthome/N00150623/My%20Documents/NetBeansProjects/CA2/src/ca2/MagazineSubscription.java</file>
        </group>
    </open-files>
</project-private>
