<?xml version="1.0" encoding="UTF-8"?>
<project-private xmlns="http://www.netbeans.org/ns/project-private/1">
    <editor-bookmarks xmlns="http://www.netbeans.org/ns/editor-bookmarks/2" lastBookmarkId="0"/>
    <open-files xmlns="http://www.netbeans.org/ns/projectui-open-files/2">
        <group>
            <file>file:/C:/Users/user10/Dropbox/Teaching/MM2%20SDD/Programs/6.%20Inheritance%20Staff%20Programmer%20Example/Inheritance/src/inheritance/Staff.java</file>
            <file>file:/C:/Users/user10/Dropbox/Teaching/MM2%20SDD/Programs/6.%20Inheritance%20Staff%20Programmer%20Example/Inheritance/src/inheritance/Programmer.java</file>
            <file>file:/C:/Users/user10/Dropbox/Teaching/MM2%20SDD/Programs/6.%20Inheritance%20Staff%20Programmer%20Example/Inheritance/src/inheritance/Inheritance.java</file>
        </group>
    </open-files>
</project-private>
