<?xml version="1.0" encoding="UTF-8"?>
<project-private xmlns="http://www.netbeans.org/ns/project-private/1">
    <editor-bookmarks xmlns="http://www.netbeans.org/ns/editor-bookmarks/2" lastBookmarkId="0"/>
    <open-files xmlns="http://www.netbeans.org/ns/projectui-open-files/2">
        <group>
            <file>file:/N:/Second%20Year/Computer%20Architecture%20and%20Operating%20Systems/Java%20Labs/ThreadLab1/src/threadlab1/ThreadLab1.java</file>
            <file>file:/N:/Second%20Year/Computer%20Architecture%20and%20Operating%20Systems/Java%20Labs/ThreadLab1/src/threadlab1/MyThread.java</file>
        </group>
    </open-files>
</project-private>
